id,game,source,review_id,review_date,rating,review_text,app_version,retrieved_at,primary_category,subcategory,sentiment,severity,business_impact,issue,confidence,model_used
1,hitwicket,google_play,284b8e78-02a2-460a-b675-780ea8d6806a,2026-08-18T16:22:29+00:00,5,very good game❤️,,2026-08-19T11:08:36.864268,Gameplay,Match / mechanics,positive,1,1,Player comments on gameplay experience,0.4,rule_based
2,hitwicket,google_play,94f8229a-00ac-4ad4-815c-a2d2151bfc62,2026-08-18T15:48:07+00:00,3,nice game,12.31.0,2026-08-19T11:08:36.864460,,,,,,,,
3,hitwicket,google_play,aba9cb7a-b300-4b4e-aaac-f546f4b6b787,2026-08-18T14:31:51+00:00,5,Good,12.30.0,2026-08-19T11:08:36.864483,,,,,,,,
4,hitwicket,google_play,f03b831a-c335-4801-9f97-1aa4fb10f7b2,2026-08-18T14:17:11+00:00,1,it's a team management game not actual cricket game,,2026-08-19T11:08:36.864491,Monetization,Pricing,negative,4,3,Player mentions spending/payment or ads,0.4,rule_based
5,hitwicket,google_play,a0489651-1f8f-4fd7-a79d-838f0b97351b,2026-08-18T13:55:01+00:00,5,nyc game,12.29.0,2026-08-19T11:08:36.864501,,,,,,,,
6,hitwicket,google_play,13553527-f523-4de3-9901-293d180a7677,2026-08-18T13:40:13+00:00,1,I will suggest that never download this game neveer,,2026-08-19T11:08:36.864507,Monetization,Ads,negative,4,3,Player mentions spending/payment or ads,0.4,rule_based
7,hitwicket,google_play,155f86bd-9f15-4d36-acdf-32f653310b58,2026-08-18T13:11:39+00:00,1,"After the latest update, many balls being balled/faced are not accurate.. Eg: a sample half volley goes way outside off stump and shota that have 99% tend to miss those and started happening very frequently. Started after i updated my app. i will update the review when i receive if this is actually how the app is supposed to function.",12.31.0,2026-08-19T11:08:36.864513,Experience,Bugs / crashes,negative,4,3,Negative review (rule-based classification),0.4,rule_based
8,hitwicket,google_play,1e1b6593-0ae1-417c-a1fa-36e1b75efbc5,2026-08-18T13:09:23+00:00,1,game automatic exit,,2026-08-19T11:08:36.864520,Gameplay,Match / mechanics,negative,4,3,Player comments on gameplay experience,0.4,rule_based
9,hitwicket,google_play,88bd802a-4787-4617-b812-8c5969ccbb59,2026-08-18T13:02:59+00:00,5,very good game 🎮,12.31.0,2026-08-19T11:08:36.864527,Gameplay,Match / mechanics,positive,1,1,Player comments on gameplay experience,0.4,rule_based
101,tennis_clash,google_play,467f8cfa-f882-4e36-b0a9-8fab63d4ab69,2026-08-18T12:38:36+00:00,5,great game. fun to play,6.39.0,2026-08-19T11:08:36.866271,Gameplay,Match / mechanics,positive,1,1,Player comments on gameplay experience,0.4,rule_based
10,hitwicket,google_play,8e9419c4-2db8-4f20-9dee-85e40e70efcb,2026-08-18T12:31:09+00:00,1,Disabled some feature Like training nets. there is no meaning to play if we cant upgrade our players. everything is not to buying level. u are getting paid from advertisements. then why fron us. very disappointed.,12.31.0,2026-08-19T11:08:36.864534,Monetization,Ads,negative,4,3,Player mentions spending/payment or ads,0.4,rule_based
11,hitwicket,google_play,16fca888-ae99-4d33-904b-c81a8cbaf515,2026-08-18T12:27:48+00:00,1,"After recent updates 🔄, the 6 bar was showing 77% and 79% 🤔, but I am still not hitting the six 🏏💥 and, conversely, I got OUT 😤... opposite bowler stats 🥎 are also low compared to my batter stats 🏏, and yesterday in PvP mode 🎮, I didn't play my turn, but it directly showed ""You lost"" 😠 and points were lost 📉... Apart from these issues, the game 🎮 was literally the best and very entertaining! 👍😄",12.31.0,2026-08-19T11:08:36.864541,Gameplay,Match / mechanics,negative,4,3,Player comments on gameplay experience,0.4,rule_based
102,tennis_clash,google_play,ebfa1fbb-71c1-4c4a-8f45-d5c6e31ffecb,2026-08-18T12:25:32+00:00,5,beutiful,6.38.0,2026-08-19T11:08:36.866321,,,,,,,,
103,tennis_clash,google_play,063ac410-4fa4-4937-b370-e3c620351ba5,2026-08-18T12:16:44+00:00,5,Excellent game play,6.39.0,2026-08-19T11:08:36.866334,Gameplay,Match / mechanics,positive,1,1,Player comments on gameplay experience,0.4,rule_based
104,tennis_clash,google_play,d82c11e0-d6d3-43ab-97f0-e9bc243f67ad,2026-08-18T12:14:28+00:00,5,very nice game so amazing 🤩,6.39.0,2026-08-19T11:08:36.866342,Gameplay,Match / mechanics,positive,1,1,Player comments on gameplay experience,0.4,rule_based
12,hitwicket,google_play,0441acfe-4060-4499-af04-9c6cb175cd8f,2026-08-18T11:53:09+00:00,3,good 👍,12.31.0,2026-08-19T11:08:36.864551,,,,,,,,
13,hitwicket,google_play,5eb7bfdf-ae2b-45ce-b2d8-17961396e3fe,2026-08-18T10:21:53+00:00,5,good game,12.31.0,2026-08-19T11:08:36.864558,,,,,,,,
14,hitwicket,google_play,a7cf4ad4-2bbe-4bda-a853-deb8f3802cbc,2026-08-18T09:14:50+00:00,5,what a beautiful experience,12.29.0,2026-08-19T11:08:36.864564,Experience,Bugs / crashes,positive,1,1,Positive review (rule-based classification),0.4,rule_based
201,baseball_clash,google_play,17598cfd-2020-4c99-8f7a-f4543f7e4897,2026-08-18T06:59:20+00:00,1,"yeah this game is designed to make you feel like you're doing good for 1 or 2 games then makes sure nothing works properly for you IN ORDER to get you to spend money, to hopefully ""compete"". Nothing but a money grab. Save your money and buy a console game...it'll be WAY cheaper!",,2026-08-19T11:08:36.868486,Monetization,Pricing,negative,4,3,Player mentions spending/payment or ads,0.4,rule_based
105,tennis_clash,google_play,462d662f-bf7f-49ee-a083-2d1c8cdd1e75,2026-08-18T03:47:13+00:00,5,Fun Game,6.39.0,2026-08-19T11:08:36.866350,,,,,,,,
106,tennis_clash,google_play,87bc5803-581a-4fd9-b854-815ea556e752,2026-08-18T03:36:36+00:00,3,good for everyone,6.39.0,2026-08-19T11:08:36.866356,Experience,Bugs / crashes,mixed,2,2,Negative review (rule-based classification),0.4,rule_based
107,tennis_clash,google_play,6f8dc51b-50c6-4607-a1e6-02b0f4d117c4,2026-08-18T02:46:03+00:00,5,love,6.39.0,2026-08-19T11:08:36.866362,,,,,,,,
15,hitwicket,google_play,e403b6ed-6886-4f67-abf8-6002cf4e4b03,2026-08-18T01:53:41+00:00,5,great game,12.31.0,2026-08-19T11:08:36.864570,Gameplay,Match / mechanics,positive,1,1,Player comments on gameplay experience,0.4,rule_based
16,hitwicket,google_play,cd07d81e-5fd2-4595-a7d8-7e683b7ca527,2026-08-18T01:34:13+00:00,5,amazing game I really enjoying 🤗,12.31.0,2026-08-19T11:08:36.864576,Gameplay,Match / mechanics,positive,1,1,Player comments on gameplay experience,0.4,rule_based
108,tennis_clash,google_play,825ff6eb-005f-4a1b-91be-edbea46921e7,2026-08-18T00:12:40+00:00,5,all good,6.39.0,2026-08-19T11:08:36.866370,,,,,,,,
202,baseball_clash,google_play,16717f68-65a2-4035-926b-ce168f4a2a12,2026-08-18T00:11:34+00:00,1,fame is garbage set up to not let you hit and automatically gives opponents home runs its cheap and as trashy as it gets,,2026-08-19T11:08:36.868542,Monetization,Pricing,negative,4,3,Player mentions spending/payment or ads,0.4,rule_based
17,hitwicket,google_play,aceeaa3c-3bc8-48b2-835a-6a5e26d40346,2026-08-17T23:22:50+00:00,5,app is not getting started. help needed,12.31.0,2026-08-19T11:08:36.864583,Experience,Bugs / crashes,positive,1,1,Positive review (rule-based classification),0.4,rule_based
18,hitwicket,google_play,9de94e4a-cccd-4034-a91f-c8c8b3b2f6be,2026-08-17T22:49:51+00:00,1,update krne ke baad bich match mei hi game band ho jata h 😏😏😏 rejoin match ka feature add kro ya app hi band krdo,12.31.0,2026-08-19T11:08:36.864589,Monetization,Ads,negative,4,3,Player mentions spending/payment or ads,0.4,rule_based
109,tennis_clash,google_play,d179a17f-2bb1-4175-b334-2b2370f71fee,2026-08-17T22:45:52+00:00,2,The game is fine but you get to a point where the loot goes behind a paywall.,6.39.0,2026-08-19T11:08:36.866376,Monetization,Pricing,negative,3,3,Player mentions spending/payment or ads,0.4,rule_based
110,tennis_clash,google_play,2e51e677-9ae7-4037-ae47-6e13b6eed135,2026-08-17T22:10:46+00:00,5,very nice i like it 😍,6.39.0,2026-08-19T11:08:36.866383,Experience,Bugs / crashes,positive,1,1,Positive review (rule-based classification),0.4,rule_based
19,hitwicket,google_play,c1e93317-62c7-4fda-a0c9-93af5ec88db9,2026-08-17T22:09:28+00:00,5,very good,12.30.0,2026-08-19T11:08:36.864596,,,,,,,,
20,hitwicket,google_play,fc9d3023-b245-498e-a37f-2de5ea6b86e1,2026-08-17T21:39:24+00:00,2,"After the august update the game is even tougher to play because my team level is 77 but opponent team coming to play with me in ranked mania is above my team level like 81,87,91,100 like that even I lose to that team means again same thing happening it frustrates me even worse to play this game my level also reduced because of this even I try to upgrade my team it more difficult for so please rectify it as soon as possible if u didn't mean i stopped playing this game.",,2026-08-19T11:08:36.864602,Monetization,Ads,negative,3,3,Player mentions spending/payment or ads,0.4,rule_based
21,hitwicket,google_play,3e08ae48-3654-48c5-be1a-8cef9010be1b,2026-08-17T21:22:25+00:00,5,awesome,12.31.0,2026-08-19T11:08:36.864623,,,,,,,,
111,tennis_clash,google_play,661b8379-bff9-453b-86d0-681fcb29ebd6,2026-08-17T20:28:56+00:00,5,awesome game,6.39.0,2026-08-19T11:08:36.866389,Gameplay,Match / mechanics,positive,1,1,Player comments on gameplay experience,0.4,rule_based
112,tennis_clash,google_play,8f7ccd78-5fcb-42c0-ab88-b89648a3feb5,2026-08-17T20:08:02+00:00,4,Muchos anuncios P2W,6.39.0,2026-08-19T11:08:36.866395,Experience,Bugs / crashes,positive,1,1,Positive review (rule-based classification),0.4,rule_based
22,hitwicket,google_play,a4ae4ef1-c474-4e67-8c06-852d27853395,2026-08-17T19:53:27+00:00,5,nice graphics,12.31.0,2026-08-19T11:08:36.864631,Experience,Bugs / crashes,positive,1,1,Positive review (rule-based classification),0.4,rule_based
23,hitwicket,google_play,faae5f58-da84-431e-9c8c-70c6ef768146,2026-08-17T19:48:37+00:00,5,this game is very funny and intearst op,12.31.0,2026-08-19T11:08:36.864638,Gameplay,Match / mechanics,positive,1,1,Player comments on gameplay experience,0.4,rule_based
113,tennis_clash,google_play,24b90333-161c-411e-8bdb-3f829dfc235e,2026-08-17T19:35:09+00:00,1,pay to win no skill trash,,2026-08-19T11:08:36.866401,Monetization,Pay-to-win pressure,negative,4,3,Player mentions spending/payment or ads,0.4,rule_based
114,tennis_clash,google_play,64a86d4c-f1f1-4180-ad58-3309665a26cb,2026-08-17T19:29:46+00:00,2,"The game badly wants me to loose, so just gives the wifi signal as soon as the match starts throughout the game 😂 Even if i am on wifi or at a better signal it still says connection problem and this only happens after starting a match not on the main menu 😂 worst game ever.",6.39.0,2026-08-19T11:08:36.866411,Monetization,Ads,negative,3,3,Player mentions spending/payment or ads,0.4,rule_based
115,tennis_clash,google_play,a74ed2bb-aa51-4685-a669-52a020755142,2026-08-17T18:30:29+00:00,5,nice,6.39.0,2026-08-19T11:08:36.866420,,,,,,,,
24,hitwicket,google_play,24274a7b-a494-4064-9283-8807e7608bb3,2026-08-17T18:14:54+00:00,2,"I’ve been playing Hitwicket for a long time, but the current version feels awkward and less enjoyable. The batting mechanics don’t feel natural—the player swings the bat in one direction while the ball goes somewhere completely different. It makes the gameplay feel funny and frustrating rather than skill-based. I really hope the developers improve the batting controls and make the gameplay more responsive and consistent. As a long-time player, I’d love to see the game return in smooth experience",12.31.0,2026-08-19T11:08:36.864645,Gameplay,Match / mechanics,negative,3,3,Player comments on gameplay experience,0.4,rule_based
25,hitwicket,google_play,e8324039-89e5-4b58-a1a3-ac12797b5005,2026-08-17T18:14:39+00:00,3,good,12.31.0,2026-08-19T11:08:36.864654,,,,,,,,
26,hitwicket,google_play,e86eed44-42ac-43a8-9c68-f66ed320fe90,2026-08-17T17:50:04+00:00,1,in my screen there is no such option of training nets session.......,,2026-08-19T11:08:36.864661,Experience,Bugs / crashes,negative,4,3,Negative review (rule-based classification),0.4,rule_based
27,hitwicket,google_play,c808390c-989c-483a-b527-244e35c77129,2026-08-17T17:41:37+00:00,5,nnice,12.31.0,2026-08-19T11:08:36.864668,,,,,,,,
116,tennis_clash,google_play,90c9cef7-14f6-497a-932a-b00edc6c78a2,2026-08-17T17:39:12+00:00,5,good game,6.39.0,2026-08-19T11:08:36.866426,,,,,,,,
117,tennis_clash,google_play,c1bc1c1c-5b41-4baa-be53-380249ca9395,2026-08-17T17:39:02+00:00,4,😍😍😍,6.39.0,2026-08-19T11:08:36.866431,,,,,,,,
28,hitwicket,google_play,4902b2a5-526a-4836-9245-b6eb4ad06a96,2026-08-17T17:35:13+00:00,5,good,12.31.0,2026-08-19T11:08:36.864674,,,,,,,,
29,hitwicket,google_play,fa6e51a7-a651-4e3f-b39f-295280cc223d,2026-08-17T17:24:52+00:00,5,good,12.31.0,2026-08-19T11:08:36.864681,,,,,,,,
30,hitwicket,google_play,ebfbdcff-1371-4d66-8902-f609d0bcaab1,2026-08-17T17:21:25+00:00,1,this is very waste game no one download it please,12.31.0,2026-08-19T11:08:36.864688,Monetization,Ads,negative,4,3,Player mentions spending/payment or ads,0.4,rule_based
118,tennis_clash,google_play,a2e0ccde-5e0e-41bd-a6a2-3982ddaceecd,2026-08-17T17:07:53+00:00,1,"too many ads , I don't know why is this , we all know that you wanna earn , but not that much",6.37.0,2026-08-19T11:08:36.866437,Monetization,Ads,negative,4,3,Player mentions spending/payment or ads,0.4,rule_based
31,hitwicket,google_play,bb73079a-a110-40b7-af29-39e3930cb413,2026-08-17T16:57:45+00:00,5,good game,12.31.0,2026-08-19T11:08:36.864694,,,,,,,,
32,hitwicket,google_play,f849c514-576b-4013-96b9-f689ee6f1658,2026-08-17T16:50:21+00:00,1,"Initially the game was good, I was enjoying. But nowadays there are too many bugs. I'm not receiving promotional rewards as well as daily login rewards. While in a ranked game, the new batter's runs reflects as the departed batter's runs. Still there is much to complain please look into those issues.",12.31.0,2026-08-19T11:08:36.864701,Monetization,Ads,negative,4,3,Player mentions spending/payment or ads,0.4,rule_based
33,hitwicket,google_play,60503f31-72cc-4b25-a13f-ed295b395493,2026-08-17T16:12:36+00:00,5,Bute fosh game,12.31.0,2026-08-19T11:08:36.864708,Gameplay,Match / mechanics,positive,1,1,Player comments on gameplay experience,0.4,rule_based
119,tennis_clash,google_play,1fba2ed0-876a-4b2a-a8b0-b5c4beb50deb,2026-08-17T16:03:25+00:00,5,good,6.39.0,2026-08-19T11:08:36.866443,,,,,,,,
34,hitwicket,google_play,647d2441-6e92-4df2-9541-419395164129,2026-08-17T15:42:22+00:00,4,vary good game,12.31.0,2026-08-19T11:08:36.864715,Gameplay,Match / mechanics,positive,1,1,Player comments on gameplay experience,0.4,rule_based
35,hitwicket,google_play,3d317ceb-2e33-4127-9246-42400cfe227a,2026-08-17T15:40:12+00:00,4,very good game but phone still over heats and interestingly after the update more 😒😒,12.21.0,2026-08-19T11:08:36.864721,Gameplay,Match / mechanics,positive,1,1,Player comments on gameplay experience,0.4,rule_based
36,hitwicket,google_play,22386ea0-e62a-41ac-8b90-ac7ce40cc912,2026-08-17T14:59:17+00:00,4,nice,12.31.0,2026-08-19T11:08:36.864729,,,,,,,,
37,hitwicket,google_play,6fe618b0-35b0-4e3f-8c83-020687a946d3,2026-08-17T14:54:59+00:00,5,wonderful,12.31.0,2026-08-19T11:08:36.864735,,,,,,,,
38,hitwicket,google_play,32a00e32-b996-42d5-860d-3ccbe47e4144,2026-08-17T14:28:31+00:00,1,new update 👎🏻👎🏻👎🏻,,2026-08-19T11:08:36.864741,Experience,Bugs / crashes,negative,4,3,Negative review (rule-based classification),0.4,rule_based
39,hitwicket,google_play,897e683c-d852-42e4-b578-4b69168e3da0,2026-08-17T14:19:48+00:00,5,nice,12.31.0,2026-08-19T11:08:36.864752,,,,,,,,
120,tennis_clash,google_play,358ffda8-ad6a-4f91-b7e7-d8ed27cd2c0a,2026-08-17T14:12:49+00:00,1,game was on loading screen while the game started and i lost multiple matches due to this,6.39.0,2026-08-19T11:08:36.866449,Monetization,Ads,negative,4,3,Player mentions spending/payment or ads,0.4,rule_based
121,tennis_clash,google_play,8d958627-e946-43bd-9d8c-fbfe3486d5c3,2026-08-17T13:55:17+00:00,5,unexpectedly good!,6.39.0,2026-08-19T11:08:36.866455,Experience,Bugs / crashes,positive,1,1,Positive review (rule-based classification),0.4,rule_based
203,baseball_clash,google_play,d1931208-7244-4d24-8ef6-3461eb66d931,2026-08-17T13:53:43+00:00,3,what is going on... I was playing having a good time. then I turned off to charge my tablet and turn it back on and then all the app won't pop back up. it just sits there and baseball spins on the screen. I uninstalled and installed it. it's still doing the same thing. what is going on? 😞,1.2.0036012,2026-08-19T11:08:36.868564,Gameplay,Match / mechanics,mixed,2,2,Player comments on gameplay experience,0.4,rule_based
122,tennis_clash,google_play,0fab91b5-b5d4-414a-9a20-5d63565f8a7e,2026-08-17T13:21:24+00:00,5,nice such a amazing game,6.39.0,2026-08-19T11:08:36.866466,Gameplay,Match / mechanics,positive,1,1,Player comments on gameplay experience,0.4,rule_based
123,tennis_clash,google_play,db5fd83b-3ed8-4d96-bed8-95010439dceb,2026-08-17T12:25:42+00:00,5,excellent,6.39.0,2026-08-19T11:08:36.866472,,,,,,,,
40,hitwicket,google_play,5b819860-7b5c-4325-a8ed-78aa5f6dba6e,2026-08-17T12:19:12+00:00,5,good apps,12.31.0,2026-08-19T11:08:36.864759,,,,,,,,
41,hitwicket,google_play,f6e12f2c-8519-4edd-9967-5b0b16904478,2026-08-17T12:17:48+00:00,4,good game but reduce the add ☺️,12.31.0,2026-08-19T11:08:36.864764,Monetization,Ads,positive,1,1,Player mentions spending/payment or ads,0.4,rule_based
124,tennis_clash,google_play,6cbff7c4-54be-4647-b9dd-d801d53fe51c,2026-08-17T12:17:27+00:00,3,nice,6.39.0,2026-08-19T11:08:36.866478,,,,,,,,
125,tennis_clash,google_play,76f36f50-8630-4b2f-bba4-ac65cbb263dd,2026-08-17T12:07:40+00:00,5,nice,6.39.0,2026-08-19T11:08:36.866485,,,,,,,,
126,tennis_clash,google_play,96402e58-ef8a-4324-ad13-f6674dd818ee,2026-08-17T11:53:36+00:00,3,no option to off music,6.39.0,2026-08-19T11:08:36.866491,Experience,Bugs / crashes,mixed,2,2,Negative review (rule-based classification),0.4,rule_based
127,tennis_clash,google_play,99190c09-7019-4058-af20-67df500b09da,2026-08-17T11:51:54+00:00,5,Awesome app,6.39.0,2026-08-19T11:08:36.866497,Experience,Bugs / crashes,positive,1,1,Positive review (rule-based classification),0.4,rule_based
42,hitwicket,google_play,fad908f4-d5b6-4144-a638-e8f1fc4666cf,2026-08-17T11:01:11+00:00,5,it's amazing,12.31.0,2026-08-19T11:08:36.864771,Experience,Bugs / crashes,positive,1,1,Positive review (rule-based classification),0.4,rule_based
128,tennis_clash,google_play,0f815c92-8c1c-4f26-a5a1-bad137b4459d,2026-08-17T10:05:36+00:00,5,good game,6.39.0,2026-08-19T11:08:36.866505,,,,,,,,
43,hitwicket,google_play,cadd3a78-bab9-4846-bacf-da09523ee58a,2026-08-17T09:04:44+00:00,5,fun game,12.29.0,2026-08-19T11:08:36.864777,,,,,,,,
44,hitwicket,google_play,48948b67-a99b-4640-98e0-9fc3a9a6f542,2026-08-17T05:50:15+00:00,1,update ke badd daily login rewards options nahi dikh rha,12.31.0,2026-08-19T11:08:36.864783,Monetization,Ads,negative,4,3,Player mentions spending/payment or ads,0.4,rule_based
129,tennis_clash,google_play,694496ff-f0c8-4c7b-a9e5-2df2df6142ce,2026-08-17T05:16:40+00:00,5,fun game,6.39.0,2026-08-19T11:08:36.866532,,,,,,,,
45,hitwicket,google_play,56365774-f540-42c4-9504-d5b7d77d73b6,2026-08-17T03:05:21+00:00,5,awesome,12.30.0,2026-08-19T11:08:36.864788,,,,,,,,
204,baseball_clash,google_play,ca210b09-878c-4de4-970b-15a375f0b25a,2026-08-17T02:55:18+00:00,5,its fun,1.2.0036012,2026-08-19T11:08:36.868577,,,,,,,,
46,hitwicket,google_play,b28231a2-7e78-4811-942a-1f0990accff4,2026-08-17T02:21:14+00:00,5,Nice good no unwanted add freely can play.,12.31.0,2026-08-19T11:08:36.864795,Monetization,Ads,positive,1,1,Player mentions spending/payment or ads,0.4,rule_based
130,tennis_clash,google_play,3a637b53-d2b7-4e77-8e12-fab617e49fd3,2026-08-17T01:48:19+00:00,5,"This game is enjoyable, realible, and high quality, superior, advances, and realistic game it is a multiplayer mode game This game is great great great oooo⚡⚡⚡⚡⚡⚡",,2026-08-19T11:08:36.866541,Monetization,Ads,positive,1,1,Player mentions spending/payment or ads,0.4,rule_based
47,hitwicket,google_play,ade8e0fc-22fc-4d0d-860c-8ec7220e3956,2026-08-17T00:53:59+00:00,4,great game.....but no extra rewards,12.31.0,2026-08-19T11:08:36.864801,Progression,Rewards,positive,1,1,Player comments on progression speed or rewards,0.4,rule_based
131,tennis_clash,google_play,3cebd597-e8e2-4962-9c1b-9bb4e8d77f75,2026-08-17T00:31:56+00:00,1,SO FAR SO GOOD !,6.39.0,2026-08-19T11:08:36.866550,Experience,Bugs / crashes,negative,4,3,Negative review (rule-based classification),0.4,rule_based
48,hitwicket,google_play,70c4e80a-981b-4ca5-b101-cc912ff0ea6b,2026-08-17T00:28:06+00:00,5,highly recommend,12.31.0,2026-08-19T11:08:36.864808,Experience,Bugs / crashes,positive,1,1,Positive review (rule-based classification),0.4,rule_based
49,hitwicket,google_play,c0af26cb-be11-43e8-948a-d4164ad3ac4e,2026-08-17T00:12:10+00:00,5,Great,12.29.0,2026-08-19T11:08:36.864814,,,,,,,,
50,hitwicket,google_play,499cf192-9fe5-4866-97a9-45164796fe56,2026-08-16T23:39:11+00:00,1,"worst game i have played in my life because in this game to play shots your percentage meter should be at 99 percent . and you can't buy players with game money, you can only buy players in auction and by collecting jersey token to spin in auction you can't see who is winning the auction. when auction ends you automatically got a message whether you loose a auction or win an auction. I will never play this game in my life again.",,2026-08-19T11:08:36.864821,Monetization,Pricing,negative,4,3,Player mentions spending/payment or ads,0.4,rule_based
51,hitwicket,google_play,73bac44c-1406-4a71-a949-986b67fd6cf9,2026-08-16T23:28:54+00:00,5,good 👍,12.31.0,2026-08-19T11:08:36.864828,,,,,,,,
52,hitwicket,google_play,483fe616-2ed1-4eaa-acdb-81d7a617d4a8,2026-08-16T23:22:01+00:00,2,game is becoming worst day by day they just want money and force us to purchase season pass by reducing in game chests and other points and made gaming worst then before too much difficulty in playing and upgrading players,12.24.0,2026-08-19T11:08:36.864835,Monetization,Ads,negative,3,3,Player mentions spending/payment or ads,0.4,rule_based
53,hitwicket,google_play,6db1caaf-4623-4f98-b9e2-f292fa749768,2026-08-16T23:13:12+00:00,5,bast game,12.30.0,2026-08-19T11:08:36.864841,,,,,,,,
54,hitwicket,google_play,6fb74dc2-74b2-4eb4-a6ba-e35b1e855f5e,2026-08-16T22:44:23+00:00,5,very nice game,12.31.0,2026-08-19T11:08:36.864847,Gameplay,Match / mechanics,positive,1,1,Player comments on gameplay experience,0.4,rule_based
132,tennis_clash,google_play,a79eef4f-029b-48fe-99d2-63b93eb0917e,2026-08-16T22:37:33+00:00,5,perfect,6.39.0,2026-08-19T11:08:36.866556,,,,,,,,
133,tennis_clash,google_play,e46ec41e-44e3-430a-8d5a-88397f1c847e,2026-08-16T22:29:51+00:00,1,it's completely AI,,2026-08-19T11:08:36.866563,Experience,Bugs / crashes,negative,4,3,Negative review (rule-based classification),0.4,rule_based
55,hitwicket,google_play,e2623549-0b9f-4e98-b2b1-d1c2190f86a9,2026-08-16T22:03:32+00:00,5,good game,12.31.0,2026-08-19T11:08:36.864854,,,,,,,,
56,hitwicket,google_play,ad42f008-bcb0-4ec5-81d2-b22e0aea7be7,2026-08-16T21:54:37+00:00,2,"After the latest update, the training camp is removed. I have invested 400 coins to buy the extra training camp. What is about it?? Was there any refund or compensation given for that which I don't know.",12.31.0,2026-08-19T11:08:36.864860,Monetization,Pricing,negative,3,3,Player mentions spending/payment or ads,0.4,rule_based
57,hitwicket,google_play,ce26c1e1-ed39-4b41-a4f8-ca699ea746f6,2026-08-16T21:51:12+00:00,5,amazing game...,12.31.0,2026-08-19T11:08:36.864867,Gameplay,Match / mechanics,positive,1,1,Player comments on gameplay experience,0.4,rule_based
58,hitwicket,google_play,62553150-8578-4a28-bae0-b176b4e74659,2026-08-16T21:11:00+00:00,1,Very good game meow ghop,12.31.0,2026-08-19T11:08:36.864873,Gameplay,Match / mechanics,negative,4,3,Player comments on gameplay experience,0.4,rule_based
59,hitwicket,google_play,61e32e5a-389c-4598-a9ca-ec592ce4cf2b,2026-08-16T21:09:18+00:00,5,good,12.31.0,2026-08-19T11:08:36.864879,,,,,,,,
60,hitwicket,google_play,025d6ca8-5014-4023-a819-243d974d324f,2026-08-16T20:45:16+00:00,1,"The worst game I have ever seen. Even small games are 20times better than your game logging in features who is the developer I think it isn't human you dash Ai create proper login format I lost my account that linked with device, I can't recover it whenever I am trying to connect it, it says please log in first. I am trying to connect it how can connect and login different you erripuk",,2026-08-19T11:08:36.864885,Gameplay,Match / mechanics,negative,4,3,Player comments on gameplay experience,0.4,rule_based
61,hitwicket,google_play,ebfb7e5f-46d8-49cd-aaa3-cc0a8e31cede,2026-08-16T19:38:03+00:00,4,super,12.31.0,2026-08-19T11:08:36.864896,,,,,,,,
62,hitwicket,google_play,eede76bb-fd2c-4414-b0fd-84233fcad05a,2026-08-16T19:27:48+00:00,5,just add a feature that we can remove a players equipment and give to another player,12.29.0,2026-08-19T11:08:36.864901,Monetization,Ads,positive,1,1,Player mentions spending/payment or ads,0.4,rule_based
63,hitwicket,google_play,a1eb6b97-5468-40cc-928f-cdcc12af15f0,2026-08-16T19:10:12+00:00,5,bahut acha lagta hai,12.31.0,2026-08-19T11:08:36.864908,Experience,Performance,positive,1,1,Player reports technical issue or UI problem,0.4,rule_based
64,hitwicket,google_play,46422d94-2ce7-4e36-8501-e1618fdc4408,2026-08-16T19:06:49+00:00,5,wonderful game,12.31.0,2026-08-19T11:08:36.864914,Gameplay,Match / mechanics,positive,1,1,Player comments on gameplay experience,0.4,rule_based
65,hitwicket,google_play,6c1c2749-d040-4348-a6d8-56190bf928ea,2026-08-16T19:03:24+00:00,3,reducing rating as it's only a way to earn money now with so many players and so many upgrades needed,8.0.0,2026-08-19T11:08:36.864921,Monetization,Ads,mixed,2,2,Player mentions spending/payment or ads,0.4,rule_based
66,hitwicket,google_play,fd4c2cc9-4fc3-41a7-a9d3-aad31a9292af,2026-08-16T18:11:22+00:00,5,this is unsteped,12.31.0,2026-08-19T11:08:36.864927,Experience,Bugs / crashes,positive,1,1,Positive review (rule-based classification),0.4,rule_based
67,hitwicket,google_play,f22b5b71-5850-44c2-8526-b36d33a6548c,2026-08-16T18:00:10+00:00,4,best game,,2026-08-19T11:08:36.864933,,,,,,,,
68,hitwicket,google_play,bbe11493-7c66-4ece-85fd-5d6c3bcc7dbe,2026-08-16T17:24:50+00:00,5,best game enjoy this every match good 😊,12.31.0,2026-08-19T11:08:36.864939,Gameplay,Match / mechanics,positive,1,1,Player comments on gameplay experience,0.4,rule_based
69,hitwicket,google_play,058eb69c-deea-4de7-8f0d-a67c3fa719ae,2026-08-16T16:34:16+00:00,5,good game,12.31.0,2026-08-19T11:08:36.864946,,,,,,,,
70,hitwicket,google_play,2d77d412-6819-43d3-bb9e-f99776c0ccc6,2026-08-16T16:33:45+00:00,1,sometimes percentage of batting status doesn't matter 😕,12.31.0,2026-08-19T11:08:36.864953,Experience,Bugs / crashes,negative,4,3,Negative review (rule-based classification),0.4,rule_based
134,tennis_clash,google_play,4bdde0b9-4b3c-487c-86cf-5880d3bfde17,2026-08-16T16:15:11+00:00,5,The game is good but it seems everything revolves around buying a subscription.,6.39.0,2026-08-19T11:08:36.866569,Monetization,Pricing,positive,1,1,Player mentions spending/payment or ads,0.4,rule_based
135,tennis_clash,google_play,6ca46231-ae74-4a2f-93e0-66985a566f9a,2026-08-16T16:12:28+00:00,4,IS GAME SO GOOD I LOVE THIS GAME,6.39.0,2026-08-19T11:08:36.866576,Gameplay,Match / mechanics,positive,1,1,Player comments on gameplay experience,0.4,rule_based
71,hitwicket,google_play,e4df452b-6aef-4a47-93c1-953fd5bd46cd,2026-08-16T15:22:21+00:00,5,good game,12.31.0,2026-08-19T11:08:36.864959,,,,,,,,
72,hitwicket,google_play,4ab5ec30-97b4-4e4c-8725-4921935a936f,2026-08-16T14:52:12+00:00,5,I Love ❤️,12.30.0,2026-08-19T11:08:36.864966,,,,,,,,
205,baseball_clash,google_play,d1bc37c2-54e0-4428-b64e-fb52b8c42bfd,2026-08-16T14:52:10+00:00,5,nice,1.2.0036012,2026-08-19T11:08:36.868583,,,,,,,,
73,hitwicket,google_play,d1500483-3bda-412e-9660-47ef8c309235,2026-08-16T14:47:28+00:00,4,good game,12.31.0,2026-08-19T11:08:36.864971,,,,,,,,
74,hitwicket,google_play,258a53fa-69bc-4b5b-a695-bbeacb0be98e,2026-08-16T14:31:21+00:00,5,nice game,,2026-08-19T11:08:36.864978,,,,,,,,
75,hitwicket,google_play,62448a21-0079-4730-b642-894879e74e12,2026-08-16T14:28:22+00:00,5,very best game but that was A Request that add all rounders spin allrounder Pase all rounder this make more exciting to play hitwicket 2026,12.29.0,2026-08-19T11:08:36.864984,Monetization,Ads,positive,1,1,Player mentions spending/payment or ads,0.4,rule_based
136,tennis_clash,google_play,8167d545-c369-4311-812c-9b3d0cdd222f,2026-08-16T14:24:59+00:00,5,super,,2026-08-19T11:08:36.866584,,,,,,,,
76,hitwicket,google_play,7a09ec28-d969-49fa-abb1-32ed0c8b33b7,2026-08-16T13:59:13+00:00,1,"You never win matches in a row in Ranked mode because of the way the system is set up; you might win one or two, but then lose two or three, ensuring that players just keep playing.",12.31.0,2026-08-19T11:08:36.865026,Gameplay,Match / mechanics,negative,4,3,Player comments on gameplay experience,0.4,rule_based
137,tennis_clash,google_play,ae1bb745-3d20-4dc6-a62f-e323333aaba6,2026-08-16T13:43:14+00:00,1,this game is rubbish nobody should install it,,2026-08-19T11:08:36.866590,Gameplay,Match / mechanics,negative,4,3,Player comments on gameplay experience,0.4,rule_based
77,hitwicket,google_play,aac21b40-a745-411c-99ec-39ddf8926f96,2026-08-16T13:28:31+00:00,5,game is very interesting,12.31.0,2026-08-19T11:08:36.865039,Gameplay,Match / mechanics,positive,1,1,Player comments on gameplay experience,0.4,rule_based
78,hitwicket,google_play,23dddb45-ec2c-4945-8076-734b98d9cf28,2026-08-16T13:25:02+00:00,5,nice,12.31.0,2026-08-19T11:08:36.865046,,,,,,,,
138,tennis_clash,google_play,0921ea2d-0ea4-47b6-9e1e-a0ae4ce6b217,2026-08-16T13:08:56+00:00,3,good,6.39.0,2026-08-19T11:08:36.866598,,,,,,,,
79,hitwicket,google_play,f060726c-fb48-41cc-a749-16198f6d144c,2026-08-16T12:46:58+00:00,4,nice,,2026-08-19T11:08:36.865053,,,,,,,,
139,tennis_clash,google_play,f8deeffb-cf1e-42ef-8c85-a04455d38a79,2026-08-16T11:51:44+00:00,5,👍,6.39.0,2026-08-19T11:08:36.866604,,,,,,,,
140,tennis_clash,google_play,95df62b4-aa16-455e-9025-8d0450955cdf,2026-08-16T11:49:02+00:00,5,amazing experience 😁⭐,6.39.0,2026-08-19T11:08:36.866610,Experience,Bugs / crashes,positive,1,1,Positive review (rule-based classification),0.4,rule_based
80,hitwicket,google_play,dc42e057-3000-457c-a4d5-3d3e9a0fb6c8,2026-08-16T11:36:53+00:00,5,"very good 👍 app i got 100000 + coins I request everyone download it .......... thank you 😊 ........,.......",12.31.0,2026-08-19T11:08:36.865061,Monetization,Ads,positive,1,1,Player mentions spending/payment or ads,0.4,rule_based
81,hitwicket,google_play,a8734aaa-b436-4996-8bd1-1a8055d8fd46,2026-08-16T11:00:52+00:00,2,the game had a problem while I am batting the bowler will select the ball after that I will activate S.A after that also the bowler have the ability to activate his S.A. but when I am bowling if I select the type of ball to bowl my bowling S.A will not activate after ball selected,12.31.0,2026-08-19T11:08:36.865068,Monetization,Ads,negative,3,3,Player mentions spending/payment or ads,0.4,rule_based
82,hitwicket,google_play,b29ce834-5793-482a-9188-3475b8a72d8e,2026-08-16T10:59:13+00:00,5,this game was a helicopter cover drive suple shot pull mid on mid of shot and cut short all types of short,12.24.1,2026-08-19T11:08:36.865076,Gameplay,Match / mechanics,positive,1,1,Player comments on gameplay experience,0.4,rule_based
83,hitwicket,google_play,546f30cd-f5b8-4a68-85d7-1ed4788421c8,2026-08-16T09:52:35+00:00,1,waste game don't install,12.31.0,2026-08-19T11:08:36.865083,Gameplay,Match / mechanics,negative,4,3,Player comments on gameplay experience,0.4,rule_based
84,hitwicket,google_play,805865f3-53a8-4419-bf4e-9296b25a3ba9,2026-08-16T09:05:26+00:00,5,nice,12.31.0,2026-08-19T11:08:36.865089,,,,,,,,
85,hitwicket,google_play,86c397e4-cf60-4067-9cfa-002a2ebe5c78,2026-08-16T08:58:31+00:00,1,Auto matching not good auto match with high rated paid player If you don't spend money there is nothing for free player.,12.31.0,2026-08-19T11:08:36.865096,Monetization,Pricing,negative,4,3,Player mentions spending/payment or ads,0.4,rule_based
86,hitwicket,google_play,ec2df79d-4690-4a17-a424-6befde49a717,2026-08-16T08:51:31+00:00,4,good,12.31.0,2026-08-19T11:08:36.865102,,,,,,,,
87,hitwicket,google_play,93a0918e-78ca-4734-85b8-704d6270f22c,2026-08-16T08:32:18+00:00,5,it's good,12.31.0,2026-08-19T11:08:36.865107,,,,,,,,
88,hitwicket,google_play,dfbe3525-6393-423c-a5a7-e1e7da92f2ae,2026-08-16T07:34:27+00:00,4,awesome game,12.31.0,2026-08-19T11:08:36.865113,Gameplay,Match / mechanics,positive,1,1,Player comments on gameplay experience,0.4,rule_based
141,tennis_clash,google_play,041f436d-30ff-4fb9-8d63-6c96f2b74ae1,2026-08-16T06:38:20+00:00,4,so good,6.39.0,2026-08-19T11:08:36.866616,,,,,,,,
142,tennis_clash,google_play,2f05f8f8-c31e-4e4d-ae52-7353c72e4b01,2026-08-16T06:11:26+00:00,5,great game!,6.39.0,2026-08-19T11:08:36.866633,Gameplay,Match / mechanics,positive,1,1,Player comments on gameplay experience,0.4,rule_based
89,hitwicket,google_play,57f1b1cf-55a0-4596-9261-f41d1994c6fa,2026-08-16T04:30:04+00:00,5,best competitive and strategic game 🎮,12.31.0,2026-08-19T11:08:36.865120,Gameplay,Match / mechanics,positive,1,1,Player comments on gameplay experience,0.4,rule_based
143,tennis_clash,google_play,298075a4-8ccc-4fee-94e1-06e939388d71,2026-08-16T02:09:31+00:00,5,good stuff,6.39.0,2026-08-19T11:08:36.866641,Experience,Bugs / crashes,positive,1,1,Positive review (rule-based classification),0.4,rule_based
90,hitwicket,google_play,0f238c87-6515-4dce-9886-d369a6adfb43,2026-08-16T01:22:05+00:00,1,Too many updates to hamper the gameplay every time. Now all of a sudden this game is bowler centric. Non sense unrealistic swims. bat is one side ball passing by the other side. Joker Update this time.,12.31.0,2026-08-19T11:08:36.865127,Gameplay,Match / mechanics,negative,4,3,Player comments on gameplay experience,0.4,rule_based
206,baseball_clash,google_play,b873e4ea-e1a1-4c05-a14e-8787461f3218,2026-08-16T01:08:45+00:00,4,fun game,1.2.0036012,2026-08-19T11:08:36.868590,,,,,,,,
91,hitwicket,google_play,7dccddec-2222-41dd-8a6a-5fc2049dfa59,2026-08-16T01:04:55+00:00,1,"I am stopping my monthly pass subscription, your new updates mess the game play",12.31.0,2026-08-19T11:08:36.865133,Gameplay,Match / mechanics,negative,4,3,Player comments on gameplay experience,0.4,rule_based
144,tennis_clash,google_play,6e525e2e-0386-483c-85fc-816a43292e7b,2026-08-16T00:48:28+00:00,5,love it,6.39.0,2026-08-19T11:08:36.866647,,,,,,,,
145,tennis_clash,google_play,cd9c43a2-3f8b-41bf-9fd7-a6bee667b14d,2026-08-16T00:08:11+00:00,5,excellent game,6.39.0,2026-08-19T11:08:36.866653,Gameplay,Match / mechanics,positive,1,1,Player comments on gameplay experience,0.4,rule_based
146,tennis_clash,google_play,641a7bad-8e34-4b2e-af19-a88b58004fe4,2026-08-15T23:20:10+00:00,5,I like it,,2026-08-19T11:08:36.866660,,,,,,,,
147,tennis_clash,google_play,ca12114a-11be-4c98-92cd-a86d38d6dc7e,2026-08-15T23:17:09+00:00,5,Very good game,6.39.0,2026-08-19T11:08:36.866667,Gameplay,Match / mechanics,positive,1,1,Player comments on gameplay experience,0.4,rule_based
148,tennis_clash,google_play,efcffc8c-f067-484d-bbbb-e435483fbada,2026-08-15T23:00:44+00:00,5,very good game. 😆😠😠😁❤️🥺😠😃♥️😠♥️♥️♥️♥️♥️♥️♥️♥️♥️♥️♥️♥️♥️♥️♥️♥️♥️♥️♥️♥️♥️♥️♥️♥️♥️♥️♥️♥️♥️♥️♥️,6.39.0,2026-08-19T11:08:36.866678,Gameplay,Match / mechanics,positive,1,1,Player comments on gameplay experience,0.4,rule_based
92,hitwicket,google_play,3d7bf409-a208-4683-b8d0-fc1dbeb3df7b,2026-08-15T22:53:20+00:00,2,Good Game but its very much costly compared to other games on play store .,12.31.0,2026-08-19T11:08:36.865142,Gameplay,Match / mechanics,negative,3,3,Player comments on gameplay experience,0.4,rule_based
93,hitwicket,google_play,567f90f9-8d7c-4d1b-9511-1e16ead3923f,2026-08-15T22:19:12+00:00,1,In the beginning you are playing very well but after 2 to 3 weeks they want to lose your every match intentionally . so my suggestion is that play this only for 2 weeks bcs after that you will face continuously defeats which makes you in anger .as all can tolerate at a limit but this has no limits .so according to me this game is scripted and scheduled and cheated game. now I have to uninstall it,12.26.0,2026-08-19T11:08:36.865148,Gameplay,Balance / fairness,negative,4,3,Player comments on gameplay experience,0.4,rule_based
94,hitwicket,google_play,872f2f88-8127-49e8-ae2a-5c149cbc1634,2026-08-15T22:07:53+00:00,3,"very innovative game.liked it .But completely removed cash for training not much use of cash now just for buying new players that too only below stars.Training place kept advertisement that is notgood at all now as no use of cash and my overall lineup around 67 level and opponnet level is around 71 there is some huge gap in pvs p sometimes and there is very littlechance of winning, sometime even if we win there should be special rewards type in caseof winning withlevelthatkindof leveldiffrence",12.31.0,2026-08-19T11:08:36.865155,Monetization,Ads,mixed,2,2,Player mentions spending/payment or ads,0.4,rule_based
95,hitwicket,google_play,ffb67cdf-6c52-45fe-a8d9-d8f27b5bf765,2026-08-15T21:53:38+00:00,4,🌟,12.29.0,2026-08-19T11:08:36.865162,,,,,,,,
207,baseball_clash,google_play,dfd988db-3c60-44b1-9f4a-e0200d8030b0,2026-08-15T21:31:37+00:00,5,nice co-ed game play..,1.2.0036012,2026-08-19T11:08:36.868597,Gameplay,Match / mechanics,positive,1,1,Player comments on gameplay experience,0.4,rule_based
208,baseball_clash,google_play,44678e96-cca0-4f46-89cc-49dfab3f3d2f,2026-08-15T21:08:57+00:00,5,fun game,1.2.0036012,2026-08-19T11:08:36.868603,,,,,,,,
209,baseball_clash,google_play,33aec7da-e3bc-485f-9b7e-1804123b9dbd,2026-08-15T21:05:01+00:00,4,fun. wish you could play a few innings though,1.2.0036012,2026-08-19T11:08:36.868609,Gameplay,Match / mechanics,positive,1,1,Player comments on gameplay experience,0.4,rule_based
149,tennis_clash,google_play,e84876d8-2c13-475c-b5cd-038fb4366820,2026-08-15T20:55:43+00:00,5,players are up to speed on this.,6.38.0,2026-08-19T11:08:36.866685,Gameplay,Match / mechanics,positive,1,1,Player comments on gameplay experience,0.4,rule_based
96,hitwicket,google_play,bd3c191f-0e07-47b5-934f-9137562b1372,2026-08-15T20:29:29+00:00,5,good,12.31.0,2026-08-19T11:08:36.865168,,,,,,,,
97,hitwicket,google_play,8188734d-75fd-4150-aed4-9636f425f3d2,2026-08-15T20:19:11+00:00,4,ossm,12.31.0,2026-08-19T11:08:36.865175,,,,,,,,
98,hitwicket,google_play,366f2897-808e-4f1b-a379-24ddafb29097,2026-08-15T20:17:40+00:00,5,good game,12.31.0,2026-08-19T11:08:36.865182,,,,,,,,
99,hitwicket,google_play,ec6111db-d00c-41a4-8357-a2d791e04972,2026-08-15T20:04:20+00:00,5,So so so much fun,12.31.0,2026-08-19T11:08:36.865188,Experience,Bugs / crashes,positive,1,1,Positive review (rule-based classification),0.4,rule_based
150,tennis_clash,google_play,8e8de484-99d3-41de-a53c-6b98579a6161,2026-08-15T19:57:12+00:00,4,"Don't waste your gems on the Piggy bank. You'll rarely ever get the cards you want or gems back. I do love to play this game, though.",6.39.0,2026-08-19T11:08:36.866692,Monetization,Pricing,positive,1,1,Player mentions spending/payment or ads,0.4,rule_based
100,hitwicket,google_play,e9914659-5cdd-4cd1-ad7f-be5d4a9b6cc6,2026-08-15T19:42:30+00:00,5,guddabala undi app,12.29.0,2026-08-19T11:08:36.865194,Experience,Bugs / crashes,positive,1,1,Positive review (rule-based classification),0.4,rule_based
151,tennis_clash,google_play,41d5949d-9bae-41be-ad48-a48944cea6ad,2026-08-15T19:27:12+00:00,5,Excited to have it.,6.39.0,2026-08-19T11:08:36.866716,Experience,Bugs / crashes,positive,1,1,Positive review (rule-based classification),0.4,rule_based
152,tennis_clash,google_play,e9bd1969-b0a9-40ed-8966-f4150d5f45e8,2026-08-15T18:52:27+00:00,5,nice,6.39.0,2026-08-19T11:08:36.866724,,,,,,,,
153,tennis_clash,google_play,3d9ef058-3e2b-4572-a797-a5bf67ba866f,2026-08-15T18:29:04+00:00,5,Good Game,,2026-08-19T11:08:36.866730,,,,,,,,
210,baseball_clash,google_play,e6e969f6-9ada-40b8-89ed-440ae18f755e,2026-08-15T18:18:33+00:00,1,this game doesn't load very well. I through a pitch 3 feet above the strike zone and bro hot a home run. 😡 I don't get how this I possible. don't pick this game.,1.2.0036012,2026-08-19T11:08:36.868619,Monetization,Ads,negative,4,3,Player mentions spending/payment or ads,0.4,rule_based
154,tennis_clash,google_play,83cb61f3-4736-48b9-bc76-32848340ed3e,2026-08-15T16:58:03+00:00,5,good,6.39.0,2026-08-19T11:08:36.866738,,,,,,,,
155,tennis_clash,google_play,8515736e-f7fb-48ce-9b45-5268ac95895b,2026-08-15T16:06:26+00:00,4,"Good game overall, but it is really hard to get coins to buy equipments.",6.39.0,2026-08-19T11:08:36.866744,Monetization,Pricing,positive,1,1,Player mentions spending/payment or ads,0.4,rule_based
156,tennis_clash,google_play,bbb59b9a-c38e-4eb7-bc60-c5575c8216d3,2026-08-15T15:54:25+00:00,1,Worst game ever simply they keep an energy bar thing if it's less you can't attack or defence the ball at all.They create new shots too.Honeatly the worst game ever🤮🤮🤮🤮🤮🤮🤮🤮🤮,6.39.0,2026-08-19T11:08:36.866750,Gameplay,Match / mechanics,negative,4,3,Player comments on gameplay experience,0.4,rule_based
211,baseball_clash,google_play,1d8b0265-f838-4a4c-95f8-e1b9fb668672,2026-08-15T15:02:40+00:00,1,keeps disconnecting from the server. 3xs today alone,1.2.0036012,2026-08-19T11:08:36.868627,Experience,Bugs / crashes,negative,4,3,Negative review (rule-based classification),0.4,rule_based
157,tennis_clash,google_play,ca820d84-545a-411e-bedc-f59109b49d5a,2026-08-15T13:33:06+00:00,5,what a game must play,6.38.0,2026-08-19T11:08:36.866759,Gameplay,Match / mechanics,positive,1,1,Player comments on gameplay experience,0.4,rule_based
158,tennis_clash,google_play,f0a51624-2d15-40d0-aada-c66c6a21b765,2026-08-15T13:00:21+00:00,4,Good,6.39.0,2026-08-19T11:08:36.866765,,,,,,,,
159,tennis_clash,google_play,0d7e21de-a75e-4951-8903-11e43ee0f356,2026-08-15T12:48:51+00:00,1,"Great at 1st, but terrible when they make it unrealistic. You cant even see the ball when they let people go into supermode. Not worth spending anything on this",6.39.0,2026-08-19T11:08:36.866772,Experience,Bugs / crashes,negative,4,3,Negative review (rule-based classification),0.4,rule_based
212,baseball_clash,google_play,eecf83e8-bf85-4ea5-b7d8-0d8316a2af74,2026-08-15T12:26:52+00:00,5,great arcade fun,1.2.0036012,2026-08-19T11:08:36.868633,Monetization,Ads,positive,1,1,Player mentions spending/payment or ads,0.4,rule_based
160,tennis_clash,google_play,a84a5ac0-c051-4522-8e3d-0763f089223e,2026-08-15T11:34:00+00:00,5,ok kaayo,6.39.0,2026-08-19T11:08:36.866778,,,,,,,,
161,tennis_clash,google_play,e8b98ff9-7b16-4ac4-9723-d6a1ad69f93f,2026-08-15T11:30:00+00:00,5,this game is very best. But just face a problem this is best game but this is not offline just online,6.39.0,2026-08-19T11:08:36.866784,Gameplay,Match / mechanics,positive,1,1,Player comments on gameplay experience,0.4,rule_based
162,tennis_clash,google_play,55cb8e7c-c53b-49bf-8e6d-8efa52cefecb,2026-08-15T10:40:54+00:00,5,good,6.39.0,2026-08-19T11:08:36.866791,,,,,,,,
163,tennis_clash,google_play,ea05af07-6654-4420-9ee2-2524b06f8a52,2026-08-15T08:50:26+00:00,3,I love this game its so much fun!,6.39.0,2026-08-19T11:08:36.866797,Gameplay,Match / mechanics,mixed,2,2,Player comments on gameplay experience,0.4,rule_based
164,tennis_clash,google_play,f9cb84fa-3079-4127-8c30-95ce0f796395,2026-08-15T06:22:42+00:00,4,Worst game ever!!!!! Can I give zero stars?,6.35.0,2026-08-19T11:08:36.866804,Gameplay,Match / mechanics,positive,1,1,Player comments on gameplay experience,0.4,rule_based
213,baseball_clash,google_play,f51a6411-b702-4b39-b530-670ba96ceebb,2026-08-15T06:17:21+00:00,1,it has been crashing lately. please fix your game!!!,1.2.0036012,2026-08-19T11:08:36.868639,Gameplay,Match / mechanics,negative,4,3,Player comments on gameplay experience,0.4,rule_based
165,tennis_clash,google_play,099de473-e2eb-44de-9d6d-40cfde68a76c,2026-08-15T03:32:54+00:00,5,exciting,6.39.0,2026-08-19T11:08:36.866811,,,,,,,,
166,tennis_clash,google_play,3b3dacc2-83f0-493c-b2ad-eed5395cb373,2026-08-15T03:13:01+00:00,5,Except for too many stops to watch adds this game is extremely fun and you don't need to buy a bunch of stuff to build up your players . I like graphics. Sometimes internet leg will cost me a match but it a wonderful game tell the designera great job . Don't stop making it better.,6.30.2,2026-08-19T11:08:36.866817,Monetization,Ads,positive,1,1,Player mentions spending/payment or ads,0.4,rule_based
214,baseball_clash,google_play,48f61098-e146-4ddc-8b31-5752d127f3ab,2026-08-15T02:13:05+00:00,1,I do realize that you are a greedy money making company but where's your morals I've been playing this game for a very long time .... STOP THE CHEATING WITH THE BOTS... I tried to keep this conversation private and send you messages through your website but obviously that doesn't work you made so many changes on this game except getting rid of the cheating... the cheating is ridiculous very unfair,1.2.0036012,2026-08-19T11:08:36.868646,Monetization,Pay-to-win pressure,negative,4,3,Player mentions spending/payment or ads,0.4,rule_based
167,tennis_clash,google_play,5971b8c4-ffa3-42a3-bdf2-f1f942dab818,2026-08-15T01:27:08+00:00,5,best tennis game I've played domt need to spend money niether,6.38.0,2026-08-19T11:08:36.866824,Monetization,Pricing,positive,1,1,Player mentions spending/payment or ads,0.4,rule_based
168,tennis_clash,google_play,5c65a211-897d-4078-b033-2c2e9ec3e8e5,2026-08-14T23:46:22+00:00,4,"awesome game but you are faced against players much stronger than you. Hard to progress without spending cash. Finding the game glitchy. I clearly win the point but its awarded to the other player. if your internet is slow, dont download this game.",,2026-08-19T11:08:36.866832,Monetization,Ads,positive,1,1,Player mentions spending/payment or ads,0.4,rule_based
215,baseball_clash,google_play,e631c5dc-fe76-4fae-8304-90f5193b1481,2026-08-14T23:38:02+00:00,5,"runs well, good fun.",1.2.0036012,2026-08-19T11:08:36.868653,Experience,Bugs / crashes,positive,1,1,Positive review (rule-based classification),0.4,rule_based
169,tennis_clash,google_play,64e0570c-d1ba-4b25-9078-63d19e90031f,2026-08-14T22:57:38+00:00,1,Not Good. network issue . need high speed network when playing a match.. It is short time update.,6.38.0,2026-08-19T11:08:36.866839,Gameplay,Match / mechanics,negative,4,3,Player comments on gameplay experience,0.4,rule_based
170,tennis_clash,google_play,ac873139-5d0f-4b40-bc2e-0389318cfcaf,2026-08-14T22:37:22+00:00,1,"It was good, but after less than a month, ads appeared after the matches played. Bye.",6.39.0,2026-08-19T11:08:36.866845,Monetization,Ads,negative,4,3,Player mentions spending/payment or ads,0.4,rule_based
171,tennis_clash,google_play,322ec232-9038-4222-bd05-fd8c01c84194,2026-08-14T20:39:44+00:00,1,"Way to much money this game requires if you wanna be on top, if it was different I would give more then 1 star",6.39.0,2026-08-19T11:08:36.866852,Monetization,Pricing,negative,4,3,Player mentions spending/payment or ads,0.4,rule_based
172,tennis_clash,google_play,937138e6-e7ee-448d-95e0-bd55fdf3afed,2026-08-14T19:50:34+00:00,5,thank you for giving me awesome day,6.39.0,2026-08-19T11:08:36.866860,Experience,Bugs / crashes,positive,1,1,Positive review (rule-based classification),0.4,rule_based
173,tennis_clash,google_play,7698951c-5c22-4d8c-8e06-52247146a594,2026-08-14T19:18:21+00:00,4,"i enjoy the game but some problems is ads and in. starting you continue win but in mid yo will win percent is 60 ,40 percent but it was depend on your gameplsy it was best game of enjoing tennis",6.39.0,2026-08-19T11:08:36.866867,Monetization,Ads,positive,1,1,Player mentions spending/payment or ads,0.4,rule_based
174,tennis_clash,google_play,db385c9a-4e94-43bd-9691-5ef646292ef6,2026-08-14T18:56:24+00:00,5,"lovely.. though I am just a beginner, still loving it",6.39.0,2026-08-19T11:08:36.866874,Experience,Bugs / crashes,positive,1,1,Positive review (rule-based classification),0.4,rule_based
175,tennis_clash,google_play,dcac505b-c84d-47e7-945b-e4c7da7c15dd,2026-08-14T16:52:13+00:00,1,not fair match making,,2026-08-19T11:08:36.866882,Gameplay,Match / mechanics,negative,4,3,Player comments on gameplay experience,0.4,rule_based
176,tennis_clash,google_play,69d642cf-7e4c-42eb-b02d-6cca218732c8,2026-08-14T16:41:39+00:00,5,good,6.39.0,2026-08-19T11:08:36.866891,,,,,,,,
177,tennis_clash,google_play,5676f9e5-c359-4a9b-89a8-d1ff2755a979,2026-08-14T16:40:51+00:00,4,Nice game,6.39.0,2026-08-19T11:08:36.866898,,,,,,,,
178,tennis_clash,google_play,6d07f027-508c-4605-a7f6-684f1dba87e3,2026-08-14T16:13:02+00:00,5,Nice 👍🙂.,6.39.0,2026-08-19T11:08:36.866904,,,,,,,,
179,tennis_clash,google_play,e2fa57f9-0c86-49bd-8a13-402927792758,2026-08-14T15:35:08+00:00,5,I don't know what to say but by seeing the game graphics and everything left me speechless some people might think I am lying but download this game that sabalenka and venus William is there I advice you guys to download it a good online and multiplayer game with friends you will enjoy,6.39.0,2026-08-19T11:08:36.866911,Monetization,Ads,positive,1,1,Player mentions spending/payment or ads,0.4,rule_based
180,tennis_clash,google_play,44bf2f61-179f-4aa9-a4e3-ba35801585c3,2026-08-14T14:20:01+00:00,4,Good 😊,6.39.0,2026-08-19T11:08:36.866917,,,,,,,,
216,baseball_clash,google_play,5081935e-2c27-40bf-be51-902ca852c578,2026-08-14T14:16:26+00:00,4,"Only been playing for a week ,but a good game so far.",1.2.0036012,2026-08-19T11:08:36.868659,Gameplay,Match / mechanics,positive,1,1,Player comments on gameplay experience,0.4,rule_based
181,tennis_clash,google_play,bad9c917-4b46-4911-a002-f7d47d985123,2026-08-14T11:53:44+00:00,5,I love the game 🎮,6.39.0,2026-08-19T11:08:36.866923,Gameplay,Match / mechanics,positive,1,1,Player comments on gameplay experience,0.4,rule_based
182,tennis_clash,google_play,d784f835-9b39-4bb0-a92d-b1fa61e698e2,2026-08-14T11:44:25+00:00,5,very good,6.39.0,2026-08-19T11:08:36.866930,,,,,,,,
183,tennis_clash,google_play,4916ec17-b76b-4ea0-9f96-3c9ce75a6163,2026-08-14T11:33:07+00:00,5,cool game,6.39.0,2026-08-19T11:08:36.866936,,,,,,,,
217,baseball_clash,google_play,f1fcc68f-34b5-4092-a8e6-e99f4c3405c1,2026-08-14T10:11:05+00:00,1,some or majority im playing against has to be a bot smh. I prefer other baseball games. same issues back in 2022. nothing has changed. dont believe when they tell you we will improve the game.,1.2.0036012,2026-08-19T11:08:36.868675,Gameplay,Balance / fairness,negative,4,3,Player comments on gameplay experience,0.4,rule_based
218,baseball_clash,google_play,d4520396-dcba-408a-941d-87b7a341d18d,2026-08-14T08:40:24+00:00,4,Great game fun and easy,1.2.0036012,2026-08-19T11:08:36.868682,Gameplay,Match / mechanics,positive,1,1,Player comments on gameplay experience,0.4,rule_based
219,baseball_clash,google_play,99610ed5-7321-4f5d-95c5-d775a37d4ac1,2026-08-14T08:15:20+00:00,1,not even working,1.2.0036012,2026-08-19T11:08:36.868688,Experience,Bugs / crashes,negative,4,3,Negative review (rule-based classification),0.4,rule_based
220,baseball_clash,google_play,ac9639d5-1856-4202-ae30-7ce7313097eb,2026-08-14T07:14:29+00:00,5,i like it,1.2.0036012,2026-08-19T11:08:36.868694,,,,,,,,
184,tennis_clash,google_play,31de6d46-0fad-4db8-b243-0de285b5675b,2026-08-14T06:57:10+00:00,5,superstar,6.39.0,2026-08-19T11:08:36.866942,,,,,,,,
185,tennis_clash,google_play,0c49e5eb-3b4e-40a6-ad86-964ed8479513,2026-08-14T06:24:16+00:00,5,good game,6.39.0,2026-08-19T11:08:36.866949,,,,,,,,
186,tennis_clash,google_play,5aa74861-b84d-468d-a207-1f2fec5dff94,2026-08-14T06:02:47+00:00,5,"Super amazing game. Thank you very much. I recommend that you add more characters, options and fiction (visual effects..)",6.39.0,2026-08-19T11:08:36.866955,Monetization,Ads,positive,1,1,Player mentions spending/payment or ads,0.4,rule_based
187,tennis_clash,google_play,dbc5b551-5d5f-4109-8499-8e38a3e4f13a,2026-08-14T05:52:32+00:00,3,sometimes eror for entering club slam,,2026-08-19T11:08:36.866962,Competition & Social,Events,mixed,2,2,Player comments on competitive or social features,0.4,rule_based
221,baseball_clash,google_play,7172e58b-3d6b-433c-a6c0-08b3c3389adc,2026-08-14T05:08:14+00:00,1,100% controlled scam if you sign up through a offer wall for the life of me it would not let me get past the middle of level 9 then what do you know day 31 of offer 10 in a row and get to level 10 for 2 weeks I couldn't get past 9. its a complete scam,,2026-08-19T11:08:36.868734,Progression,Rewards,negative,4,3,Player comments on progression speed or rewards,0.4,rule_based
188,tennis_clash,google_play,e3db34db-80e5-408b-8f5d-878ec445eabe,2026-08-13T23:13:09+00:00,5,Really better,,2026-08-19T11:08:36.866971,Experience,Bugs / crashes,positive,1,1,Positive review (rule-based classification),0.4,rule_based
189,tennis_clash,google_play,4c475909-8156-4f61-bcab-cb788f9c3c98,2026-08-13T22:04:29+00:00,5,ok,6.39.0,2026-08-19T11:08:36.866978,,,,,,,,
222,baseball_clash,google_play,8b1e0e94-fc89-44e8-87aa-9ae3c205a585,2026-08-13T21:59:38+00:00,5,fun learning more about baseball and no adds love that,1.2.0036012,2026-08-19T11:08:36.868761,Monetization,Ads,positive,1,1,Player mentions spending/payment or ads,0.4,rule_based
190,tennis_clash,google_play,8c280000-3078-48d3-b2a8-097c75efff3c,2026-08-13T21:22:00+00:00,5,power nice,6.39.0,2026-08-19T11:08:36.866992,Experience,Bugs / crashes,positive,1,1,Positive review (rule-based classification),0.4,rule_based
191,tennis_clash,google_play,3ef9fac3-705a-409d-a1bb-5f3116e7f3db,2026-08-13T20:54:51+00:00,3,good,,2026-08-19T11:08:36.867003,,,,,,,,
192,tennis_clash,google_play,4578dead-df4f-4a5c-9c78-fdc37bc5eb78,2026-08-13T20:51:55+00:00,5,so much fun and really responsive to players directions,6.39.0,2026-08-19T11:08:36.867009,Gameplay,Match / mechanics,positive,1,1,Player comments on gameplay experience,0.4,rule_based
193,tennis_clash,google_play,80bab6bf-630a-4eb3-bf53-e21427d6e57f,2026-08-13T20:41:37+00:00,4,where are the free gems from playing other games? l now im not receiving again my free gems upon finishing tasks from other game,6.39.0,2026-08-19T11:08:36.867016,Monetization,Pricing,positive,1,1,Player mentions spending/payment or ads,0.4,rule_based
223,baseball_clash,google_play,b6421acd-c4e6-4650-97d6-c2ca6f424b82,2026-08-13T20:30:21+00:00,5,addictive and easy to learn,1.2.0036012,2026-08-19T11:08:36.868786,Monetization,Ads,positive,1,1,Player mentions spending/payment or ads,0.4,rule_based
194,tennis_clash,google_play,c5f76eff-c3ae-4243-b589-7cd72e775af1,2026-08-13T20:27:44+00:00,5,gg game for sport lover,6.39.0,2026-08-19T11:08:36.867024,Gameplay,Match / mechanics,positive,1,1,Player comments on gameplay experience,0.4,rule_based
195,tennis_clash,google_play,190bfd55-baec-487c-86ab-3360d2c2cbd3,2026-08-13T19:33:07+00:00,5,excellent tennis game. can't ask for more,6.39.0,2026-08-19T11:08:36.867032,Gameplay,Match / mechanics,positive,1,1,Player comments on gameplay experience,0.4,rule_based
196,tennis_clash,google_play,3af191cf-e880-48b1-87ff-65a1e3d6d41e,2026-08-13T18:29:22+00:00,5,its good,6.39.0,2026-08-19T11:08:36.867039,,,,,,,,
197,tennis_clash,google_play,04bc70ba-c948-4fcf-a10a-cf65e4dc7289,2026-08-13T17:10:34+00:00,4,good game,6.39.0,2026-08-19T11:08:36.867047,,,,,,,,
198,tennis_clash,google_play,3f7e16d0-dda6-4189-9377-ed97fd23fa84,2026-08-13T16:27:35+00:00,5,awesome 👍💯,6.39.0,2026-08-19T11:08:36.867054,Experience,Bugs / crashes,positive,1,1,Positive review (rule-based classification),0.4,rule_based
199,tennis_clash,google_play,bc28bd4f-a103-45ec-9b13-908f4a24e472,2026-08-13T16:05:35+00:00,4,great game,6.39.0,2026-08-19T11:08:36.867062,Gameplay,Match / mechanics,positive,1,1,Player comments on gameplay experience,0.4,rule_based
200,tennis_clash,google_play,913644bd-501d-4436-b037-d44a67c3ddc4,2026-08-13T15:56:32+00:00,5,nice game,6.39.0,2026-08-19T11:08:36.867080,,,,,,,,
224,baseball_clash,google_play,b4e3bf4e-e246-4045-b8e4-938c40174b2c,2026-08-13T14:22:01+00:00,5,"I really like this game, it's a lot more challenging than others. The graphics are excellent.",1.2.0036012,2026-08-19T11:08:36.868795,Gameplay,Match / mechanics,positive,1,1,Player comments on gameplay experience,0.4,rule_based
225,baseball_clash,google_play,4e1d9854-3074-4664-a444-d3ffda510abc,2026-08-13T07:50:40+00:00,5,phenomenal untill I can't get it to load. spent good bit of $ over 4+ years. last 4 times I went to get on had to uninstall and reload multiple times to get past login screen. was 5++++star now a 1 star untill this is fixed but when fixed back to 5++++.. Love this game!!! when it works right,1.2.0029264,2026-08-19T11:08:36.868809,Monetization,Ads,positive,1,1,Player mentions spending/payment or ads,0.4,rule_based
226,baseball_clash,google_play,dd6dd20d-b9ab-47eb-8298-7744966ab794,2026-08-13T03:40:53+00:00,4,realy fun nd entertaining..,1.2.0036012,2026-08-19T11:08:36.868817,Experience,Bugs / crashes,positive,1,1,Positive review (rule-based classification),0.4,rule_based
227,baseball_clash,google_play,31b905d2-c7ed-4567-9fc8-3be789771eb2,2026-08-13T03:12:58+00:00,4,"love the game, very entertaining",1.2.0036012,2026-08-19T11:08:36.868826,Gameplay,Match / mechanics,positive,1,1,Player comments on gameplay experience,0.4,rule_based
228,baseball_clash,google_play,83620a3d-29bb-42c3-acb7-ca6260ea5272,2026-08-13T01:10:21+00:00,3,"Awesome gameplay, format and mechanics. Very fun to play. Great job Miniclip! The only downside is the game is rigged not allowing you to upgrade any of your attributes you own or are using. It is set up to make you spend ridiculous amounts of money for upgrades you should be rewarded with from winning matches. Plus it's WAY TOO EXPENSIVE for what they charge for upgrades and you get peanuts in return.",1.2.0036012,2026-08-19T11:08:36.868833,Monetization,Ads,mixed,2,2,Player mentions spending/payment or ads,0.4,rule_based
229,baseball_clash,google_play,aef7b9b7-2b98-4cf6-b31a-3dc1b131874b,2026-08-12T22:37:37+00:00,4,love it,1.2.0036012,2026-08-19T11:08:36.868840,,,,,,,,
230,baseball_clash,google_play,9a324470-832b-431e-a61b-2fb5ab5fefe4,2026-08-12T20:28:53+00:00,3,was 5 stars now it's 3 because as someone who plays gravy pass and has certain milestones to be this game was fun but I came to realize that you either win a game then you lose a game then you win a game and then you lose a game so after League 3 or 4 it starts doing this so with that said you cannot even get a head that's even with upgrading your players please do something to fix this immediately,,2026-08-19T11:08:36.868846,Monetization,Ads,mixed,2,2,Player mentions spending/payment or ads,0.4,rule_based
231,baseball_clash,google_play,c1b314b5-0e7e-46b1-a84f-a3527f15e462,2026-08-12T16:05:50+00:00,5,very good baseball game,1.2.0036012,2026-08-19T11:08:36.868853,Gameplay,Match / mechanics,positive,1,1,Player comments on gameplay experience,0.4,rule_based
232,baseball_clash,google_play,766ddd48-883c-4861-9295-cd60f37d274a,2026-08-12T11:11:07+00:00,5,love the game it's fun it kills time and I'm pretty good,1.2.0036012,2026-08-19T11:08:36.868860,Gameplay,Match / mechanics,positive,1,1,Player comments on gameplay experience,0.4,rule_based
233,baseball_clash,google_play,7f7c0e62-bc65-4c49-bea9-5441562120db,2026-08-12T10:26:43+00:00,1,the game doesn't work,1.2.0036012,2026-08-19T11:08:36.868866,Gameplay,Match / mechanics,negative,4,3,Player comments on gameplay experience,0.4,rule_based
234,baseball_clash,google_play,f59cab2f-4534-4783-8b61-d3b2d003f48f,2026-08-12T01:16:18+00:00,5,great game,1.2.0036012,2026-08-19T11:08:36.868872,Gameplay,Match / mechanics,positive,1,1,Player comments on gameplay experience,0.4,rule_based
235,baseball_clash,google_play,ef0670a4-9b98-41af-91fc-72976ce8abdc,2026-08-12T00:48:44+00:00,5,no ads,1.2.0036012,2026-08-19T11:08:36.868878,,,,,,,,
236,baseball_clash,google_play,b80d54e8-455e-42f7-886a-495966525dd4,2026-08-12T00:42:10+00:00,5,love this game. and it has NO ADS,1.2.0036012,2026-08-19T11:08:36.868885,Monetization,Ads,positive,1,1,Player mentions spending/payment or ads,0.4,rule_based
237,baseball_clash,google_play,5679d943-21bc-407f-abec-93c692dd4f61,2026-08-11T23:20:58+00:00,5,really fun!!! I enjoy playing in my spare time 1👍🏿👍🏿,1.2.0036012,2026-08-19T11:08:36.868891,Gameplay,Match / mechanics,positive,1,1,Player comments on gameplay experience,0.4,rule_based
238,baseball_clash,google_play,15a8607e-8d9e-4d5b-a02a-cd39b4c61cdf,2026-08-11T22:30:03+00:00,5,Good game,1.2.0036012,2026-08-19T11:08:36.868897,,,,,,,,
239,baseball_clash,google_play,2c6d25f7-3d1f-4a8c-91b5-b6cd2869bf23,2026-08-11T19:09:24+00:00,5,nice,1.2.0036012,2026-08-19T11:08:36.868903,,,,,,,,
240,baseball_clash,google_play,046b2c30-3acf-4cdb-9709-a62560adcd3b,2026-08-11T04:11:42+00:00,5,love it good game no glitches or ads,1.2.0036012,2026-08-19T11:08:36.868911,Monetization,Ads,positive,1,1,Player mentions spending/payment or ads,0.4,rule_based
241,baseball_clash,google_play,9d7f92eb-07d0-46a6-aa40-e6a86abd8296,2026-08-10T23:01:39+00:00,5,a great game come on and try to beat me.,1.2.0036012,2026-08-19T11:08:36.868919,Gameplay,Match / mechanics,positive,1,1,Player comments on gameplay experience,0.4,rule_based
242,baseball_clash,google_play,b1514b81-762d-459e-a7cb-b89d89e4714c,2026-08-10T22:29:00+00:00,5,this is the best baseball game I've played great work,1.2.0036012,2026-08-19T11:08:36.868925,Gameplay,Match / mechanics,positive,1,1,Player comments on gameplay experience,0.4,rule_based
243,baseball_clash,google_play,e84330c4-d9bc-4092-b00c-a4615f98fa36,2026-08-10T18:57:44+00:00,5,good wholesome entertainment,1.2.0036012,2026-08-19T11:08:36.868933,Experience,Bugs / crashes,positive,1,1,Positive review (rule-based classification),0.4,rule_based
244,baseball_clash,google_play,41eacbc1-33e9-47d7-b411-47f81ac8d256,2026-08-10T15:52:06+00:00,4,it's a very fun and enjoyable game,1.2.0036012,2026-08-19T11:08:36.868947,Gameplay,Match / mechanics,positive,1,1,Player comments on gameplay experience,0.4,rule_based
245,baseball_clash,google_play,496e04b6-58d2-48a4-aee4-0c781074c8e7,2026-08-10T14:35:56+00:00,1,"rigged once you get to iron level. they partner you up with some way higher than your skill level. I use to win a few, lose a couple, now it lose lose lose lose.",1.2.0036012,2026-08-19T11:08:36.868955,Progression,Rewards,negative,4,3,Player comments on progression speed or rewards,0.4,rule_based
246,baseball_clash,google_play,cc18c1c5-dd0b-48e1-8d88-2352c52a0162,2026-08-10T14:08:20+00:00,5,love this game,1.2.0036012,2026-08-19T11:08:36.868963,Gameplay,Match / mechanics,positive,1,1,Player comments on gameplay experience,0.4,rule_based
247,baseball_clash,google_play,a0e417ab-aaeb-48a6-98d2-7b8a2c99c63e,2026-08-10T08:15:40+00:00,5,I think this game is pretty good.,1.2.0036012,2026-08-19T11:08:36.868973,Gameplay,Match / mechanics,positive,1,1,Player comments on gameplay experience,0.4,rule_based
248,baseball_clash,google_play,1ab5e5a2-8f46-40c6-b8a6-96f05703fc19,2026-08-10T08:01:20+00:00,5,it is time game my experience is good because of this game,1.2.0036012,2026-08-19T11:08:36.868981,Gameplay,Match / mechanics,positive,1,1,Player comments on gameplay experience,0.4,rule_based
249,baseball_clash,google_play,e51a8c4c-b43a-4d9c-ad08-705a83c070c9,2026-08-10T06:06:29+00:00,2,"Pay to play at higher levels. There's ""Sync"" and ""Connection"" issues, it only happens when opponents start to lose or if they need time to potentially cheat as when you log back into the game you lose a run or get an out. There's players playing in Club league without clubs, president of clubs that are inactive that IMO requires ownership transfer after a number of weeks, problems with member and club league with inappropriate names.",1.2.0036012,2026-08-19T11:08:36.868989,Monetization,Pricing,negative,3,3,Player mentions spending/payment or ads,0.4,rule_based
250,baseball_clash,google_play,56586ba0-0504-4c3d-bbe7-eea3f3eec5ea,2026-08-10T02:24:55+00:00,3,fun,1.2.0036012,2026-08-19T11:08:36.868998,,,,,,,,
251,baseball_clash,google_play,e562d357-c9f4-4fca-acf2-b436ea9792fd,2026-08-10T00:54:58+00:00,5,I love it!,1.2.0036012,2026-08-19T11:08:36.869006,Experience,Bugs / crashes,positive,1,1,Positive review (rule-based classification),0.4,rule_based
252,baseball_clash,google_play,f040a5cb-7746-4d0b-bbe3-b262b3b12b1f,2026-08-09T17:14:35+00:00,1,game is fully controlled by robot...before start of game i can confidently predict who will win the game.. no real fun in playing this game...,1.2.0036012,2026-08-19T11:08:36.869016,Gameplay,Balance / fairness,negative,4,3,Player comments on gameplay experience,0.4,rule_based
253,baseball_clash,google_play,bae11ab6-ffb5-4a34-904e-966b5b413e38,2026-08-09T12:15:46+00:00,5,nice,1.2.0036012,2026-08-19T11:08:36.869025,,,,,,,,
254,baseball_clash,google_play,8ed6929e-a2cd-4d31-a7bd-2b2ba36367bd,2026-08-09T11:25:06+00:00,5,it's fun love it,1.2.0036012,2026-08-19T11:08:36.869041,Experience,Bugs / crashes,positive,1,1,Positive review (rule-based classification),0.4,rule_based
255,baseball_clash,google_play,98735de1-5ebd-4a36-8f12-a5ef8216c0da,2026-08-09T10:41:47+00:00,5,this is the best game,,2026-08-19T11:08:36.869049,Gameplay,Match / mechanics,positive,1,1,Player comments on gameplay experience,0.4,rule_based
256,baseball_clash,google_play,5b37454f-cbb9-4b11-9c7c-6d5a9c214a48,2026-08-08T23:42:05+00:00,5,lots of fun....a better type baseball game.,1.2.0036012,2026-08-19T11:08:36.869059,Gameplay,Match / mechanics,positive,1,1,Player comments on gameplay experience,0.4,rule_based
257,baseball_clash,google_play,e18dc5eb-e5c6-47bb-97fa-042d9d09fcd5,2026-08-08T21:12:15+00:00,2,matchup system is broken. I'm always matched up against players with much higher level players and I have no chance of winning,1.2.0036012,2026-08-19T11:08:36.869070,Progression,Rewards,negative,3,3,Player comments on progression speed or rewards,0.4,rule_based
258,baseball_clash,google_play,5caa3d6f-9123-4f5f-adb9-eb9f5d3b0098,2026-08-08T16:36:18+00:00,5,flipping amazing game,1.2.0036012,2026-08-19T11:08:36.869079,Gameplay,Match / mechanics,positive,1,1,Player comments on gameplay experience,0.4,rule_based
259,baseball_clash,google_play,21eb72e1-1340-4650-8665-4d16b0051fd6,2026-08-08T14:58:56+00:00,5,it's fun it keep u busy and if u love baseball like I do u enjoy playing it it let u pitch and hit the ball best game,1.2.0036012,2026-08-19T11:08:36.869087,Gameplay,Match / mechanics,positive,1,1,Player comments on gameplay experience,0.4,rule_based
260,baseball_clash,google_play,877360cd-fc8f-403a-b528-f8d2ac33f0ad,2026-08-08T05:56:02+00:00,1,game kok isinya bot yang op,1.2.0036012,2026-08-19T11:08:36.869095,Gameplay,Balance / fairness,negative,4,3,Player comments on gameplay experience,0.4,rule_based
261,baseball_clash,google_play,77e52d29-eb7b-46fd-bbe5-341c96c7b29b,2026-08-08T01:32:51+00:00,1,Experiences in gameplay wildly inconsistent - very frustrating.,1.2.0036012,2026-08-19T11:08:36.869103,Gameplay,Match / mechanics,negative,4,3,Player comments on gameplay experience,0.4,rule_based
262,baseball_clash,google_play,4c3ef688-2c35-4d2f-a138-a5805de25c43,2026-08-07T09:23:34+00:00,2,"Would have been hugely enjoyable if it were anything like on the level. But alas it's a fundamentally AI rigged travesty of a game because its cynical P2W so-called developer decided to maximise its income at the cost of minimising any true competitiveness and, of course, any joy.",1.2.0036012,2026-08-19T11:08:36.869113,Progression,Rewards,negative,3,3,Player comments on progression speed or rewards,0.4,rule_based
263,baseball_clash,google_play,60b04e86-2f13-4af3-a55e-1e2e3629d6aa,2026-08-07T07:44:05+00:00,5,"So much fun! Short compact baseball games, keep it intense and keep your attention. Worth playing.",1.2.0036012,2026-08-19T11:08:36.869127,Gameplay,Match / mechanics,positive,1,1,Player comments on gameplay experience,0.4,rule_based
264,baseball_clash,google_play,edb1d683-642e-4b0f-b39b-8025cbbacf57,2026-08-07T01:32:32+00:00,5,"Love this game! The players, pitches, and playability are fun. I wish there was more than 1 inning, but other than that, worth the time playing.",1.2.0036012,2026-08-19T11:08:36.869140,Gameplay,Match / mechanics,positive,1,1,Player comments on gameplay experience,0.4,rule_based
265,baseball_clash,google_play,8f6a72fa-5a00-4fda-af4a-7a2505705cbd,2026-08-06T23:52:34+00:00,5,Great classic ball game.,1.2.0036012,2026-08-19T11:08:36.869149,Gameplay,Match / mechanics,positive,1,1,Player comments on gameplay experience,0.4,rule_based
266,baseball_clash,google_play,663154e9-e1b9-42bd-ba56-a9f833e907b0,2026-08-06T07:53:48+00:00,5,"nice online game, i love baseball so much and this game can against another player too",1.2.0036012,2026-08-19T11:08:36.869161,Gameplay,Match / mechanics,positive,1,1,Player comments on gameplay experience,0.4,rule_based
267,baseball_clash,google_play,e4845fd1-4c8a-44fb-838e-c461b6eea251,2026-08-06T07:49:38+00:00,5,coʻo,,2026-08-19T11:08:36.869175,,,,,,,,
268,baseball_clash,google_play,4c8fcf03-0c98-4346-8196-e85d767b11e1,2026-08-06T04:50:38+00:00,3,"Yeah, played for a while and yep, you have to pay to progress, you can't be a F2P player in this game which is disappointing. This game has so much potential but it has been hurt by the need to pay to even progress. So, in general, your credit card will be your best friend.",1.2.0036012,2026-08-19T11:08:36.869186,Monetization,Pricing,mixed,2,2,Player mentions spending/payment or ads,0.4,rule_based
269,baseball_clash,google_play,8f72c12c-523d-4152-8169-2d5d7533d332,2026-08-06T02:33:25+00:00,3,seeing when to swing is very difficult,1.2.0036012,2026-08-19T11:08:36.869194,Gameplay,Match / mechanics,mixed,2,2,Player comments on gameplay experience,0.4,rule_based
270,baseball_clash,google_play,7705e607-44ae-4f7f-bf11-d092a1c58275,2026-08-05T14:06:09+00:00,5,fun game,,2026-08-19T11:08:36.869202,,,,,,,,
271,baseball_clash,google_play,a3c76712-935b-4aab-8125-1cf9cc58803e,2026-08-05T12:40:32+00:00,4,Relaxing and competitive,1.2.0036012,2026-08-19T11:08:36.869217,Experience,Bugs / crashes,positive,1,1,Positive review (rule-based classification),0.4,rule_based
272,baseball_clash,google_play,d6e903dc-64e0-44dc-a9e4-0966fe9b6755,2026-08-05T09:10:05+00:00,1,"awful game. whoever created this really messed up. balls are called strikes, strikes are called balls, out is called safe and vice versa. glitches all the time and changes score.",,2026-08-19T11:08:36.869225,Gameplay,Match / mechanics,negative,4,3,Player comments on gameplay experience,0.4,rule_based
273,baseball_clash,google_play,33c3cb40-0d1b-4e5d-adbf-f371b5e54e4f,2026-08-05T08:10:11+00:00,1,"It's okay, but I feel like the opposing ""player"" or AI is a bit of a cheater. They can throw all these amazingly unrealistic pitches and strike you out, but when you the same, it's over the fence or doubles. Your teammates react slowly and throw the ball slowly and the opponents players run way faster and score more runs than you. I think a real player should be winning more games than a bot.",1.2.0036012,2026-08-19T11:08:36.869234,Progression,Difficulty / grind,negative,4,3,Player comments on progression speed or rewards,0.4,rule_based
274,baseball_clash,google_play,d0075edd-237f-4202-a19f-fd84417b87a7,2026-08-04T18:07:50+00:00,5,super,1.2.0036012,2026-08-19T11:08:36.869244,,,,,,,,
275,baseball_clash,google_play,f5bfad2c-331e-4c4e-8c4e-f9522d759950,2026-08-04T17:02:21+00:00,5,very fun and just like actual baseball!,1.2.0036012,2026-08-19T11:08:36.869252,Experience,Bugs / crashes,positive,1,1,Positive review (rule-based classification),0.4,rule_based
276,baseball_clash,google_play,8fb74f17-7a1c-4e8d-8357-fc444035ea57,2026-08-04T14:09:16+00:00,5,very good game,1.2.0036012,2026-08-19T11:08:36.869264,Gameplay,Match / mechanics,positive,1,1,Player comments on gameplay experience,0.4,rule_based
277,baseball_clash,google_play,0aecbf04-f592-49ed-805d-be62277bc49b,2026-08-04T12:26:30+00:00,5,great game I have ADHD this game keeps my focus could play it for hours,1.2.0036012,2026-08-19T11:08:36.869272,Monetization,Ads,positive,1,1,Player mentions spending/payment or ads,0.4,rule_based
278,baseball_clash,google_play,6e6ee34c-ccb0-457a-8387-f0533e5b511d,2026-08-04T09:43:30+00:00,5,great,1.2.0036012,2026-08-19T11:08:36.869281,,,,,,,,
279,baseball_clash,google_play,1f062542-0bc7-4d6e-b163-0bae5f6d3cb4,2026-08-03T20:49:39+00:00,1,"NEEDS A LAWSUIT. I WANT ALL MY MONEY BACK. I WARN YOU NOW, DON'T WASTE YOUR TIME!! PAY TO WIN! THEY TAKE YOUR MONEY AND RIG THE GAME LATER ON. I guarantee this predatory game will be subject of a HUGE LAWSUIT in the near future. The game lets you get just far enough before you hit the ""pay to win"" wall and they rig the games and matchups so you have to spend. Like another reviewer said, you lose 3 and they throw you a bone and win an easy one. Then you lose 3 against Level 12's or higher again.",1.2.0036012,2026-08-19T11:08:36.869288,Monetization,Pay-to-win pressure,negative,4,3,Player mentions spending/payment or ads,0.4,rule_based
280,baseball_clash,google_play,093a6b47-a206-4b3e-8d06-f023541328a4,2026-08-03T17:53:49+00:00,5,Nice,1.2.0036012,2026-08-19T11:08:36.869325,,,,,,,,
281,baseball_clash,google_play,24adb6a4-3531-4ed4-9248-fcc209ef49bf,2026-08-03T15:51:54+00:00,1,"I lost all my progress for no reason after reaching League 8. On top of that, the matchmaking constantly puts you against much stronger teams, making it feel almost impossible to progress without spending money. Fun game, but the bugs and pay-to-win experience ruin it.",1.2.0036012,2026-08-19T11:08:36.869337,Monetization,Pricing,negative,4,3,Player mentions spending/payment or ads,0.4,rule_based
282,baseball_clash,google_play,1246f2fe-84e6-426a-b84e-3215f1a336c3,2026-08-03T10:20:31+00:00,5,you will love this game.....,1.2.0036012,2026-08-19T11:08:36.869345,Gameplay,Match / mechanics,positive,1,1,Player comments on gameplay experience,0.4,rule_based
283,baseball_clash,google_play,86075b1a-5ff8-44e4-97fb-28785351a15b,2026-08-03T09:30:06+00:00,1,when the ball is in the strike zone and I time it up a hair from perfect and I ground out or fly out I want to throw my phone across the room. why are you punishing hitting strikes? People barely throw strikes as is. please fix this.,1.2.0036012,2026-08-19T11:08:36.869354,Experience,Bugs / crashes,negative,4,3,Negative review (rule-based classification),0.4,rule_based
284,baseball_clash,google_play,3d78d9e2-856d-438d-8df1-84407bc8b3dd,2026-08-03T06:24:07+00:00,1,Unbelievable how many connection problems this game has. If you play just be ok with constantly losing games.,1.2.0036012,2026-08-19T11:08:36.869363,Gameplay,Match / mechanics,negative,4,3,Player comments on gameplay experience,0.4,rule_based
285,baseball_clash,google_play,149b2bfa-06c5-4fbc-87f2-848e4a315edd,2026-08-02T23:51:19+00:00,5,I never lag they always make me play real players the game play is insane I actually face challenges but im able to win them,1.2.0036012,2026-08-19T11:08:36.869379,Gameplay,Match / mechanics,positive,1,1,Player comments on gameplay experience,0.4,rule_based
286,baseball_clash,google_play,1eed1710-359f-4036-a694-b4c88e6c6dca,2026-08-02T23:12:08+00:00,5,great fun,1.2.0036012,2026-08-19T11:08:36.869389,,,,,,,,
287,baseball_clash,google_play,74b9eeea-d050-46d2-be07-b945cdb862b9,2026-08-02T20:26:44+00:00,5,luv it guys,1.2.0036012,2026-08-19T11:08:36.869401,Experience,Bugs / crashes,positive,1,1,Positive review (rule-based classification),0.4,rule_based
288,baseball_clash,google_play,6164507e-1460-46fa-8c79-aa0d1fb8aca9,2026-08-02T18:48:59+00:00,3,I love this game but it crashes to much,1.2.0036012,2026-08-19T11:08:36.869411,Gameplay,Match / mechanics,mixed,2,2,Player comments on gameplay experience,0.4,rule_based
289,baseball_clash,google_play,3a565739-6270-4bb1-96a2-e7c900c63c7a,2026-08-02T15:21:07+00:00,5,My favourite game is base ball clash,1.2.0036012,2026-08-19T11:08:36.869420,Gameplay,Match / mechanics,positive,1,1,Player comments on gameplay experience,0.4,rule_based
290,baseball_clash,google_play,671e4176-792c-48e2-9ad6-d1eabbf93145,2026-08-02T09:25:16+00:00,5,Awesome Game,1.2.0036012,2026-08-19T11:08:36.869428,Gameplay,Match / mechanics,positive,1,1,Player comments on gameplay experience,0.4,rule_based
291,baseball_clash,google_play,7c3f757a-69d4-4aab-bb48-86a3eb4762b3,2026-08-02T07:16:24+00:00,5,fun game,1.2.0036012,2026-08-19T11:08:36.869436,,,,,,,,
292,baseball_clash,google_play,abb3acf5-35e6-43a1-9b0a-c92ad47cb471,2026-08-02T06:22:15+00:00,5,Excellent Elite Game. Love it.,1.2.0036012,2026-08-19T11:08:36.869446,Gameplay,Match / mechanics,positive,1,1,Player comments on gameplay experience,0.4,rule_based
293,baseball_clash,google_play,259d7074-46d4-48fc-a62d-4bb4e5dd2b5b,2026-08-02T04:24:58+00:00,4,very entertaining,1.2.0036012,2026-08-19T11:08:36.869455,Experience,Bugs / crashes,positive,1,1,Positive review (rule-based classification),0.4,rule_based
294,baseball_clash,google_play,81684442-9106-46a1-91f3-aacd8354606f,2026-08-02T01:03:09+00:00,2,Fun to plan. short and engaging but bugs can cost you to lose and the match making is not bad,1.2.0036012,2026-08-19T11:08:36.869464,Monetization,Ads,negative,3,3,Player mentions spending/payment or ads,0.4,rule_based
295,baseball_clash,google_play,67e04048-6415-477b-bdaf-08256a2a290a,2026-08-01T21:14:31+00:00,4,very good but some bugs,1.2.0036012,2026-08-19T11:08:36.869472,Experience,Bugs / crashes,positive,1,1,Player reports technical issue or UI problem,0.4,rule_based
296,baseball_clash,google_play,f478f500-16ff-4064-8418-730aaf5626cb,2026-08-01T20:17:40+00:00,5,This game is awesome.,1.2.0036012,2026-08-19T11:08:36.869483,Gameplay,Match / mechanics,positive,1,1,Player comments on gameplay experience,0.4,rule_based
297,baseball_clash,google_play,7669b54d-00fd-47d5-ab9a-3bc4f9762cbf,2026-08-01T18:07:13+00:00,5,luv it,1.2.0036012,2026-08-19T11:08:36.869496,,,,,,,,
298,baseball_clash,google_play,f7be54d0-bcc3-41ab-beb8-3ee20eccb73d,2026-08-01T07:58:50+00:00,5,🔥,1.2.0036012,2026-08-19T11:08:36.869504,,,,,,,,
299,baseball_clash,google_play,565ff2ae-e4a9-4f4d-a6c2-e83d168ea03f,2026-07-31T23:32:31+00:00,5,exciting games,1.2.0036012,2026-08-19T11:08:36.869515,Gameplay,Match / mechanics,positive,1,1,Player comments on gameplay experience,0.4,rule_based
300,baseball_clash,google_play,8b76db6b-b7aa-4b1e-8723-450e22a10aa7,2026-07-31T22:30:49+00:00,5,really fun game,1.2.0036012,2026-08-19T11:08:36.869524,Gameplay,Match / mechanics,positive,1,1,Player comments on gameplay experience,0.4,rule_based
